<?xml version="1.0"?>
<PNToolbox>
<Model_name>demo4.xml</Model_name>
<Type>5</Type>
<Seed>66</Seed>
<Place>
<Id>p1</Id>
<Value>3,45</Value>
<Color>black</Color>
<Label>
<Name>q1</Name>
<Visible>yes</Visible>
</Label>
<InitialMarking>0</InitialMarking>
<Capacity>Inf</Capacity>
</Place>
<Place>
<Id>p2</Id>
<Value>9,45</Value>
<Color>black</Color>
<Label>
<Name>s1</Name>
<Visible>yes</Visible>
</Label>
<InitialMarking>0</InitialMarking>
<Capacity>Inf</Capacity>
</Place>
<Place>
<Id>p3</Id>
<Value>9,43</Value>
<Color>black</Color>
<Label>
<Name>s10</Name>
<Visible>yes</Visible>
</Label>
<InitialMarking>1</InitialMarking>
<Capacity>Inf</Capacity>
</Place>
<Place>
<Id>p4</Id>
<Value>15,45</Value>
<Color>black</Color>
<Label>
<Name>o1</Name>
<Visible>yes</Visible>
</Label>
<InitialMarking>0</InitialMarking>
<Capacity>Inf</Capacity>
</Place>
<Place>
<Id>p5</Id>
<Value>14,41</Value>
<Color>black</Color>
<Label>
<Name>q2</Name>
<Visible>yes</Visible>
</Label>
<InitialMarking>0</InitialMarking>
<Capacity>Inf</Capacity>
</Place>
<Place>
<Id>p6</Id>
<Value>16,41</Value>
<Color>black</Color>
<Label>
<Name>q3</Name>
<Visible>yes</Visible>
</Label>
<InitialMarking>0</InitialMarking>
<Capacity>Inf</Capacity>
</Place>
<Place>
<Id>p7</Id>
<Value>14,37</Value>
<Color>black</Color>
<Label>
<Name>s2</Name>
<Visible>yes</Visible>
</Label>
<InitialMarking>0</InitialMarking>
<Capacity>Inf</Capacity>
</Place>
<Place>
<Id>p8</Id>
<Value>16,37</Value>
<Color>black</Color>
<Label>
<Name>s3</Name>
<Visible>yes</Visible>
</Label>
<InitialMarking>0</InitialMarking>
<Capacity>Inf</Capacity>
</Place>
<Place>
<Id>p9</Id>
<Value>18,37</Value>
<Color>black</Color>
<Label>
<Name>s30</Name>
<Visible>yes</Visible>
</Label>
<InitialMarking>1</InitialMarking>
<Capacity>Inf</Capacity>
</Place>
<Place>
<Id>p10</Id>
<Value>12,37</Value>
<Color>black</Color>
<Label>
<Name>s20</Name>
<Visible>yes</Visible>
</Label>
<InitialMarking>1</InitialMarking>
<Capacity>Inf</Capacity>
</Place>
<Place>
<Id>p11</Id>
<Value>16,33</Value>
<Color>black</Color>
<Label>
<Name>pout</Name>
<Visible>yes</Visible>
</Label>
<InitialMarking>0</InitialMarking>
<Capacity>Inf</Capacity>
</Place>
<Place>
<Id>p12</Id>
<Value>9,35</Value>
<Color>black</Color>
<Label>
<Name>o3</Name>
<Visible>yes</Visible>
</Label>
<InitialMarking>0</InitialMarking>
<Capacity>Inf</Capacity>
</Place>
<Transition>
<Id>t1</Id>
<Value>1,45</Value>
<Color>blue</Color>
<Representation>Square</Representation><Message>Firing transition t1</Message>
<Label>
<Name>In</Name>
<Visible>yes</Visible>
</Label>
<Time>
<Distribution>exponential</Distribution>
<Parameters>1</Parameters>
<Marking_Dependent>No</Marking_Dependent>
</Time>
</Transition>
<Transition>
<Id>t2</Id>
<Value>6,45</Value>
<Color>black</Color>
<Representation>VerticalLine</Representation><Message>Firing transition t2</Message>
<Label>
<Name>t1</Name>
<Visible>yes</Visible>
</Label>
<Time>
<Distribution>constant</Distribution>
<Parameters>0</Parameters>
<Marking_Dependent>No</Marking_Dependent>
</Time>
</Transition>
<Transition>
<Id>t3</Id>
<Value>12,45</Value>
<Color>black</Color>
<Representation>VerticalRectangle</Representation><Message>Firing transition t3</Message>
<Label>
<Name>m1</Name>
<Visible>yes</Visible>
</Label>
<Time>
<Distribution>exponential</Distribution>
<Parameters>0.25</Parameters>
<Marking_Dependent>No</Marking_Dependent>
</Time>
</Transition>
<Transition>
<Id>t4</Id>
<Value>9,48</Value>
<Color>black</Color>
<Representation>VerticalLine</Representation><Message>Firing transition t4</Message>
<Label>
<Name>t11</Name>
<Visible>yes</Visible>
</Label>
<Time>
<Distribution>constant</Distribution>
<Parameters>0</Parameters>
<Marking_Dependent>No</Marking_Dependent>
</Time>
</Transition>
<Transition>
<Id>t5</Id>
<Value>14,43</Value>
<Color>black</Color>
<Representation>HorizontalLine</Representation><Message>Firing transition t5</Message>
<Label>
<Name>t12</Name>
<Visible>yes</Visible>
</Label>
<Time>
<Distribution>constant</Distribution>
<Parameters>0</Parameters>
<Marking_Dependent>No</Marking_Dependent>
</Time>
</Transition>
<Transition>
<Id>t6</Id>
<Value>16,43</Value>
<Color>black</Color>
<Representation>HorizontalLine</Representation><Message>Firing transition t6</Message>
<Label>
<Name>t13</Name>
<Visible>yes</Visible>
</Label>
<Time>
<Distribution>constant</Distribution>
<Parameters>0</Parameters>
<Marking_Dependent>No</Marking_Dependent>
</Time>
</Transition>
<Transition>
<Id>t7</Id>
<Value>14,39</Value>
<Color>black</Color>
<Representation>HorizontalLine</Representation><Message>Firing transition t7</Message>
<Label>
<Name>t2</Name>
<Visible>yes</Visible>
</Label>
<Time>
<Distribution>constant</Distribution>
<Parameters>0</Parameters>
<Marking_Dependent>No</Marking_Dependent>
</Time>
</Transition>
<Transition>
<Id>t8</Id>
<Value>16,39</Value>
<Color>black</Color>
<Representation>HorizontalLine</Representation><Message>Firing transition t8</Message>
<Label>
<Name>t3</Name>
<Visible>yes</Visible>
</Label>
<Time>
<Distribution>constant</Distribution>
<Parameters>0</Parameters>
<Marking_Dependent>No</Marking_Dependent>
</Time>
</Transition>
<Transition>
<Id>t9</Id>
<Value>14,35</Value>
<Color>black</Color>
<Representation>HorizontalRectangle</Representation><Message>Firing transition t9</Message>
<Label>
<Name>m2</Name>
<Visible>yes</Visible>
</Label>
<Time>
<Distribution>exponential</Distribution>
<Parameters>0.25</Parameters>
<Marking_Dependent>No</Marking_Dependent>
</Time>
</Transition>
<Transition>
<Id>t10</Id>
<Value>16,35</Value>
<Color>black</Color>
<Representation>HorizontalRectangle</Representation><Message>Firing transition t10</Message>
<Label>
<Name>m3</Name>
<Visible>yes</Visible>
</Label>
<Time>
<Distribution>exponential</Distribution>
<Parameters>0.5</Parameters>
<Marking_Dependent>No</Marking_Dependent>
</Time>
</Transition>
<Transition>
<Id>t11</Id>
<Value>18,33</Value>
<Color>blue</Color>
<Representation>Square</Representation><Message>Firing transition t11</Message>
<Label>
<Name>Out</Name>
<Visible>yes</Visible>
</Label>
<Time>
<Distribution>constant</Distribution>
<Parameters>0</Parameters>
<Marking_Dependent>No</Marking_Dependent>
</Time>
</Transition>
<Transition>
<Id>t12</Id>
<Value>9,38</Value>
<Color>black</Color>
<Representation>HorizontalLine</Representation><Message>Firing transition t12</Message>
<Label>
<Name>t22</Name>
<Visible>yes</Visible>
</Label>
<Time>
<Distribution>constant</Distribution>
<Parameters>0</Parameters>
<Marking_Dependent>No</Marking_Dependent>
</Time>
</Transition>
<Transition>
<Id>t13</Id>
<Value>6,35</Value>
<Color>black</Color>
<Representation>VerticalLine</Representation><Message>Firing transition t13</Message>
<Label>
<Name>t21</Name>
<Visible>yes</Visible>
</Label>
<Time>
<Distribution>constant</Distribution>
<Parameters>0</Parameters>
<Marking_Dependent>No</Marking_Dependent>
</Time>
</Transition>
<Arc>
<Id>a1</Id>
<From>t1</From>
<To>p1</To>
<Style>1</Style>
<Type>1</Type>
<Color>black</Color>
<Weight>1</Weight>
</Arc>
<Arc>
<Id>a2</Id>
<From>p1</From>
<To>t2</To>
<Style>1</Style>
<Type>1</Type>
<Color>black</Color>
<Weight>1</Weight>
</Arc>
<Arc>
<Id>a3</Id>
<From>t2</From>
<To>p2</To>
<Style>1</Style>
<Type>1</Type>
<Color>black</Color>
<Weight>1</Weight>
</Arc>
<Arc>
<Id>a4</Id>
<From>p2</From>
<To>t3</To>
<Style>1</Style>
<Type>1</Type>
<Color>black</Color>
<Weight>1</Weight>
</Arc>
<Arc>
<Id>a5</Id>
<From>t3</From>
<To>p4</To>
<Style>1</Style>
<Type>1</Type>
<Color>black</Color>
<Weight>1</Weight>
</Arc>
<Arc>
<Id>a6</Id>
<From>p4</From>
<To>t4</To>
<Style>1</Style>
<Type>1</Type>
<Color>black</Color>
<Weight>1</Weight>
</Arc>
<Arc>
<Id>a7</Id>
<From>t4</From>
<To>p1</To>
<Style>1</Style>
<Type>1</Type>
<Color>black</Color>
<Weight>1</Weight>
</Arc>
<Arc>
<Id>a8</Id>
<From>t5</From>
<To>p5</To>
<Style>1</Style>
<Type>1</Type>
<Color>black</Color>
<Weight>1</Weight>
</Arc>
<Arc>
<Id>a9</Id>
<From>p4</From>
<To>t5</To>
<Style>1</Style>
<Type>1</Type>
<Color>black</Color>
<Weight>1</Weight>
</Arc>
<Arc>
<Id>a10</Id>
<From>p4</From>
<To>t6</To>
<Style>1</Style>
<Type>1</Type>
<Color>black</Color>
<Weight>1</Weight>
</Arc>
<Arc>
<Id>a11</Id>
<From>t6</From>
<To>p6</To>
<Style>1</Style>
<Type>1</Type>
<Color>black</Color>
<Weight>1</Weight>
</Arc>
<Arc>
<Id>a12</Id>
<From>p6</From>
<To>t8</To>
<Style>1</Style>
<Type>1</Type>
<Color>black</Color>
<Weight>1</Weight>
</Arc>
<Arc>
<Id>a13</Id>
<From>t8</From>
<To>p8</To>
<Style>1</Style>
<Type>1</Type>
<Color>black</Color>
<Weight>1</Weight>
</Arc>
<Arc>
<Id>a14</Id>
<From>p8</From>
<To>t10</To>
<Style>1</Style>
<Type>1</Type>
<Color>black</Color>
<Weight>1</Weight>
</Arc>
<Arc>
<Id>a15</Id>
<From>t10</From>
<To>p11</To>
<Style>1</Style>
<Type>1</Type>
<Color>black</Color>
<Weight>1</Weight>
</Arc>
<Arc>
<Id>a16</Id>
<From>p5</From>
<To>t7</To>
<Style>1</Style>
<Type>1</Type>
<Color>black</Color>
<Weight>1</Weight>
</Arc>
<Arc>
<Id>a17</Id>
<From>t7</From>
<To>p7</To>
<Style>1</Style>
<Type>1</Type>
<Color>black</Color>
<Weight>1</Weight>
</Arc>
<Arc>
<Id>a18</Id>
<From>p7</From>
<To>t9</To>
<Style>1</Style>
<Type>1</Type>
<Color>black</Color>
<Weight>1</Weight>
</Arc>
<Arc>
<Id>a19</Id>
<From>p11</From>
<To>t11</To>
<Style>1</Style>
<Type>1</Type>
<Color>black</Color>
<Weight>1</Weight>
</Arc>
<Arc>
<Id>a20</Id>
<From>t10</From>
<To>p9</To>
<Style>1</Style>
<Type>1</Type>
<Color>black</Color>
<Weight>1</Weight>
</Arc>
<Arc>
<Id>a21</Id>
<From>p9</From>
<To>t8</To>
<Style>1</Style>
<Type>1</Type>
<Color>black</Color>
<Weight>1</Weight>
</Arc>
<Arc>
<Id>a22</Id>
<From>t9</From>
<To>p12</To>
<Style>1</Style>
<Type>1</Type>
<Color>black</Color>
<Weight>1</Weight>
</Arc>
<Arc>
<Id>a23</Id>
<From>t9</From>
<To>p10</To>
<Style>1</Style>
<Type>1</Type>
<Color>black</Color>
<Weight>1</Weight>
</Arc>
<Arc>
<Id>a24</Id>
<From>p10</From>
<To>t7</To>
<Style>1</Style>
<Type>1</Type>
<Color>black</Color>
<Weight>1</Weight>
</Arc>
<Arc>
<Id>a25</Id>
<From>p12</From>
<To>t12</To>
<Style>1</Style>
<Type>1</Type>
<Color>black</Color>
<Weight>1</Weight>
</Arc>
<Arc>
<Id>a26</Id>
<From>t12</From>
<To>p5</To>
<Style>1</Style>
<Type>1</Type>
<Color>black</Color>
<Weight>1</Weight>
</Arc>
<Arc>
<Id>a27</Id>
<From>p12</From>
<To>t13</To>
<Style>1</Style>
<Type>1</Type>
<Color>black</Color>
<Weight>1</Weight>
</Arc>
<Arc>
<Id>a28</Id>
<From>t13</From>
<To>p1</To>
<Style>1</Style>
<Type>2</Type>
<Cubic>5.4473,39.0089,4.5527,41.9911</Cubic>
<Color>black</Color>
<Weight>1</Weight>
</Arc>
<Arc>
<Id>a29</Id>
<From>t3</From>
<To>p3</To>
<Style>1</Style>
<Type>1</Type>
<Color>black</Color>
<Weight>1</Weight>
</Arc>
<Arc>
<Id>a30</Id>
<From>p3</From>
<To>t2</To>
<Style>1</Style>
<Type>1</Type>
<Color>black</Color>
<Weight>1</Weight>
</Arc>
<Probability>
<Transitions>t11,t12,t13</Transitions>
<Values>0.3,0.2,0.5</Values>
</Probability>
<Probability>
<Transitions>t22,t21</Transitions>
<Values>0.8,0.2</Values>
</Probability>
</PNToolbox>
