<?xml version="1.0"?>
<PNToolbox>
<Model_name>demo3.xml</Model_name>
<Type>3</Type>
<Seed>66</Seed>
<Place>
<Id>p1</Id>
<Value>6,41</Value>
<Color>black</Color>
<Label>
<Name>P2M1</Name>
<Offset>0.53,-0.30</Offset>
<Visible>yes</Visible>
</Label>
<InitialMarking>0</InitialMarking>
<Capacity>Inf</Capacity>
<Time>
<Distribution>constant</Distribution>
<Parameters>1</Parameters>
</Time>
</Place>
<Place>
<Id>p2</Id>
<Value>10,41</Value>
<Color>black</Color>
<Label>
<Name>P2M2</Name>
<Offset>0.50,-0.20</Offset>
<Visible>yes</Visible>
</Label>
<InitialMarking>0</InitialMarking>
<Capacity>Inf</Capacity>
<Time>
<Distribution>constant</Distribution>
<Parameters>2</Parameters>
</Time>
</Place>
<Place>
<Id>p3</Id>
<Value>14,41</Value>
<Color>black</Color>
<Label>
<Name>P2M3</Name>
<Offset>0.50,-0.20</Offset>
<Visible>yes</Visible>
</Label>
<InitialMarking>0</InitialMarking>
<Capacity>Inf</Capacity>
<Time>
<Distribution>constant</Distribution>
<Parameters>3</Parameters>
</Time>
</Place>
<Place>
<Id>p4</Id>
<Value>10,45</Value>
<Color>blue</Color>
<Label>
<Name>P1M2</Name>
<Offset>0.05,-0.23</Offset>
<Visible>yes</Visible>
</Label>
<InitialMarking>0</InitialMarking>
<Capacity>Inf</Capacity>
<Time>
<Distribution>constant</Distribution>
<Parameters>3</Parameters>
</Time>
</Place>
<Place>
<Id>p5</Id>
<Value>14,45</Value>
<Color>blue</Color>
<Label>
<Name>P1M3</Name>
<Offset>0.50,-0.20</Offset>
<Visible>yes</Visible>
</Label>
<InitialMarking>0</InitialMarking>
<Capacity>Inf</Capacity>
<Time>
<Distribution>constant</Distribution>
<Parameters>4</Parameters>
</Time>
</Place>
<Place>
<Id>p6</Id>
<Value>10,37</Value>
<Color>red</Color>
<Label>
<Name>P3M1</Name>
<Offset>0.50,-0.20</Offset>
<Visible>yes</Visible>
</Label>
<InitialMarking>0</InitialMarking>
<Capacity>Inf</Capacity>
<Time>
<Distribution>constant</Distribution>
<Parameters>5</Parameters>
</Time>
</Place>
<Place>
<Id>p7</Id>
<Value>14,37</Value>
<Color>red</Color>
<Label>
<Name>P3M2</Name>
<Offset>0.50,-0.20</Offset>
<Visible>yes</Visible>
</Label>
<InitialMarking>0</InitialMarking>
<Capacity>Inf</Capacity>
<Time>
<Distribution>constant</Distribution>
<Parameters>3</Parameters>
</Time>
</Place>
<Place>
<Id>p8</Id>
<Value>12,47</Value>
<Color>blue</Color>
<Label>
<Name>P1</Name>
<Offset>0.50,-0.20</Offset>
<Visible>yes</Visible>
</Label>
<InitialMarking>1</InitialMarking>
<Capacity>Inf</Capacity>
<Time>
<Distribution>constant</Distribution>
<Parameters>0</Parameters>
</Time>
</Place>
<Place>
<Id>p9</Id>
<Value>11,43</Value>
<Color>black</Color>
<Label>
<Name>P2</Name>
<Offset>0.47,-0.20</Offset>
<Visible>yes</Visible>
</Label>
<InitialMarking>1</InitialMarking>
<Capacity>Inf</Capacity>
<Time>
<Distribution>constant</Distribution>
<Parameters>0</Parameters>
</Time>
</Place>
<Place>
<Id>p10</Id>
<Value>13,39</Value>
<Color>red</Color>
<Label>
<Name>P3</Name>
<Offset>0.50,-0.20</Offset>
<Visible>yes</Visible>
</Label>
<InitialMarking>1</InitialMarking>
<Capacity>Inf</Capacity>
<Time>
<Distribution>constant</Distribution>
<Parameters>0</Parameters>
</Time>
</Place>
<Place>
<Id>p11</Id>
<Value>19,47</Value>
<Color>magenta</Color>
<Label>
<Name>p11</Name>
<Offset>0.50,-0.20</Offset>
<Visible>yes</Visible>
</Label>
<InitialMarking>1</InitialMarking>
<Capacity>Inf</Capacity>
<Time>
<Distribution>constant</Distribution>
<Parameters>0</Parameters>
</Time>
</Place>
<Place>
<Id>p12</Id>
<Value>8,43</Value>
<Color>magenta</Color>
<Label>
<Name>p12</Name>
<Offset>0.07,-0.07</Offset>
<Visible>yes</Visible>
</Label>
<InitialMarking>0</InitialMarking>
<Capacity>Inf</Capacity>
<Time>
<Distribution>constant</Distribution>
<Parameters>0</Parameters>
</Time>
</Place>
<Place>
<Id>p13</Id>
<Value>4,35</Value>
<Color>magenta</Color>
<Label>
<Name>p13</Name>
<Offset>0.50,-0.20</Offset>
<Visible>yes</Visible>
</Label>
<InitialMarking>1</InitialMarking>
<Capacity>Inf</Capacity>
<Time>
<Distribution>constant</Distribution>
<Parameters>0</Parameters>
</Time>
</Place>
<Place>
<Id>p14</Id>
<Value>8,39</Value>
<Color>magenta</Color>
<Label>
<Name>p14</Name>
<Offset>0.90,-0.20</Offset>
<Visible>yes</Visible>
</Label>
<InitialMarking>0</InitialMarking>
<Capacity>Inf</Capacity>
<Time>
<Distribution>constant</Distribution>
<Parameters>0</Parameters>
</Time>
</Place>
<Place>
<Id>p15</Id>
<Value>11,39</Value>
<Color>magenta</Color>
<Label>
<Name>p15</Name>
<Offset>0.50,-0.20</Offset>
<Visible>yes</Visible>
</Label>
<InitialMarking>0</InitialMarking>
<Capacity>Inf</Capacity>
<Time>
<Distribution>constant</Distribution>
<Parameters>0</Parameters>
</Time>
</Place>
<Place>
<Id>p16</Id>
<Value>14,43</Value>
<Color>magenta</Color>
<Label>
<Name>p16</Name>
<Offset>0.37,-0.17</Offset>
<Visible>yes</Visible>
</Label>
<InitialMarking>1</InitialMarking>
<Capacity>Inf</Capacity>
<Time>
<Distribution>constant</Distribution>
<Parameters>0</Parameters>
</Time>
</Place>
<Place>
<Id>p17</Id>
<Value>16,43</Value>
<Color>magenta</Color>
<Label>
<Name>p17</Name>
<Offset>0.50,-0.20</Offset>
<Visible>yes</Visible>
</Label>
<InitialMarking>0</InitialMarking>
<Capacity>Inf</Capacity>
<Time>
<Distribution>constant</Distribution>
<Parameters>0</Parameters>
</Time>
</Place>
<Transition>
<Id>t1</Id>
<Value>4,41</Value>
<Color>black</Color>
<Representation>VerticalLine</Representation><Message>Firing transition t1</Message>
<Label>
<Name>t1</Name>
<Offset>0.13,-0.23</Offset>
<Visible>yes</Visible>
</Label>
</Transition>
<Transition>
<Id>t2</Id>
<Value>8,41</Value>
<Color>black</Color>
<Representation>VerticalLine</Representation><Message>Firing transition t2</Message>
<Label>
<Name>t2</Name>
<Offset>0.10,-0.23</Offset>
<Visible>yes</Visible>
</Label>
</Transition>
<Transition>
<Id>t3</Id>
<Value>12,41</Value>
<Color>black</Color>
<Representation>VerticalLine</Representation><Message>Firing transition t3</Message>
<Label>
<Name>t3</Name>
<Offset>0.50,-0.20</Offset>
<Visible>yes</Visible>
</Label>
</Transition>
<Transition>
<Id>t4</Id>
<Value>16,41</Value>
<Color>black</Color>
<Representation>VerticalLine</Representation><Message>Firing transition t4</Message>
<Label>
<Name>t4</Name>
<Offset>0.50,-0.20</Offset>
<Visible>yes</Visible>
</Label>
</Transition>
<Transition>
<Id>t5</Id>
<Value>8,45</Value>
<Color>blue</Color>
<Representation>VerticalLine</Representation><Message>Firing transition t5</Message>
<Label>
<Name>t5</Name>
<Offset>0.82,-0.20</Offset>
<Visible>yes</Visible>
</Label>
</Transition>
<Transition>
<Id>t6</Id>
<Value>12,45</Value>
<Color>blue</Color>
<Representation>VerticalLine</Representation><Message>Firing transition t6</Message>
<Label>
<Name>t6</Name>
<Offset>0.50,-0.20</Offset>
<Visible>yes</Visible>
</Label>
</Transition>
<Transition>
<Id>t7</Id>
<Value>16,45</Value>
<Color>blue</Color>
<Representation>VerticalLine</Representation><Message>Firing transition t7</Message>
<Label>
<Name>t7</Name>
<Offset>0.85,-0.20</Offset>
<Visible>yes</Visible>
</Label>
</Transition>
<Transition>
<Id>t8</Id>
<Value>8,37</Value>
<Color>red</Color>
<Representation>VerticalLine</Representation><Message>Firing transition t8</Message>
<Label>
<Name>t8</Name>
<Offset>0.50,-0.20</Offset>
<Visible>yes</Visible>
</Label>
</Transition>
<Transition>
<Id>t9</Id>
<Value>12,37</Value>
<Color>red</Color>
<Representation>VerticalLine</Representation><Message>Firing transition t9</Message>
<Label>
<Name>t9</Name>
<Offset>0.50,-0.20</Offset>
<Visible>yes</Visible>
</Label>
</Transition>
<Transition>
<Id>t10</Id>
<Value>16,37</Value>
<Color>red</Color>
<Representation>VerticalLine</Representation><Message>Firing transition t10</Message>
<Label>
<Name>t10</Name>
<Offset>0.50,-0.20</Offset>
<Visible>yes</Visible>
</Label>
</Transition>
<Arc>
<Id>a1</Id>
<From>t1</From>
<To>p1</To>
<Style>1</Style>
<Type>1</Type>
<Color>black</Color>
<Weight>1</Weight>
</Arc>
<Arc>
<Id>a2</Id>
<From>p1</From>
<To>t2</To>
<Style>1</Style>
<Type>1</Type>
<Color>black</Color>
<Weight>1</Weight>
</Arc>
<Arc>
<Id>a3</Id>
<From>t2</From>
<To>p2</To>
<Style>1</Style>
<Type>1</Type>
<Color>black</Color>
<Weight>1</Weight>
</Arc>
<Arc>
<Id>a4</Id>
<From>p2</From>
<To>t3</To>
<Style>1</Style>
<Type>1</Type>
<Color>black</Color>
<Weight>1</Weight>
</Arc>
<Arc>
<Id>a5</Id>
<From>t3</From>
<To>p3</To>
<Style>1</Style>
<Type>1</Type>
<Color>black</Color>
<Weight>1</Weight>
</Arc>
<Arc>
<Id>a6</Id>
<From>p3</From>
<To>t4</To>
<Style>1</Style>
<Type>1</Type>
<Color>black</Color>
<Weight>1</Weight>
</Arc>
<Arc>
<Id>a7</Id>
<From>t8</From>
<To>p6</To>
<Style>1</Style>
<Type>1</Type>
<Color>red</Color>
<Weight>1</Weight>
</Arc>
<Arc>
<Id>a8</Id>
<From>p6</From>
<To>t9</To>
<Style>1</Style>
<Type>1</Type>
<Color>red</Color>
<Weight>1</Weight>
</Arc>
<Arc>
<Id>a9</Id>
<From>t9</From>
<To>p7</To>
<Style>1</Style>
<Type>1</Type>
<Color>red</Color>
<Weight>1</Weight>
</Arc>
<Arc>
<Id>a10</Id>
<From>p7</From>
<To>t10</To>
<Style>1</Style>
<Type>1</Type>
<Color>red</Color>
<Weight>1</Weight>
</Arc>
<Arc>
<Id>a11</Id>
<From>t5</From>
<To>p4</To>
<Style>1</Style>
<Type>1</Type>
<Color>blue</Color>
<Weight>1</Weight>
</Arc>
<Arc>
<Id>a12</Id>
<From>p4</From>
<To>t6</To>
<Style>1</Style>
<Type>1</Type>
<Color>blue</Color>
<Weight>1</Weight>
</Arc>
<Arc>
<Id>a13</Id>
<From>t6</From>
<To>p5</To>
<Style>1</Style>
<Type>1</Type>
<Color>blue</Color>
<Weight>1</Weight>
</Arc>
<Arc>
<Id>a14</Id>
<From>p5</From>
<To>t7</To>
<Style>1</Style>
<Type>1</Type>
<Color>blue</Color>
<Weight>1</Weight>
</Arc>
<Arc>
<Id>a15</Id>
<From>t7</From>
<To>p8</To>
<Style>1</Style>
<Type>1</Type>
<Color>blue</Color>
<Weight>1</Weight>
</Arc>
<Arc>
<Id>a16</Id>
<From>p8</From>
<To>t5</To>
<Style>1</Style>
<Type>1</Type>
<Color>blue</Color>
<Weight>1</Weight>
</Arc>
<Arc>
<Id>a17</Id>
<From>t4</From>
<To>p9</To>
<Style>1</Style>
<Type>1</Type>
<Color>black</Color>
<Weight>1</Weight>
</Arc>
<Arc>
<Id>a18</Id>
<From>p9</From>
<To>t1</To>
<Style>1</Style>
<Type>1</Type>
<Color>black</Color>
<Weight>1</Weight>
</Arc>
<Arc>
<Id>a19</Id>
<From>t10</From>
<To>p10</To>
<Style>1</Style>
<Type>1</Type>
<Color>red</Color>
<Weight>1</Weight>
</Arc>
<Arc>
<Id>a20</Id>
<From>p10</From>
<To>t8</To>
<Style>1</Style>
<Type>2</Type>
<Cubic>11.3198,38.3667,11.3198,38.3667</Cubic>
<Color>red</Color>
<Weight>1</Weight>
</Arc>
<Arc>
<Id>a21</Id>
<From>p11</From>
<To>t5</To>
<Style>1</Style>
<Type>2</Type>
<Cubic>11.8414,48.0333,11.8414,48.0333</Cubic>
<Color>magenta</Color>
<Weight>1</Weight>
</Arc>
<Arc>
<Id>a23</Id>
<From>p12</From>
<To>t2</To>
<Style>1</Style>
<Type>1</Type>
<Color>magenta</Color>
<Weight>1</Weight>
</Arc>
<Arc>
<Id>a22</Id>
<From>t6</From>
<To>p12</To>
<Style>1</Style>
<Type>1</Type>
<Color>magenta</Color>
<Weight>1</Weight>
</Arc>
<Arc>
<Id>a31</Id>
<From>p16</From>
<To>t6</To>
<Style>1</Style>
<Type>1</Type>
<Color>magenta</Color>
<Weight>1</Weight>
</Arc>
<Arc>
<Id>a32</Id>
<From>t7</From>
<To>p17</To>
<Style>1</Style>
<Type>1</Type>
<Color>magenta</Color>
<Weight>1</Weight>
</Arc>
<Arc>
<Id>a33</Id>
<From>p17</From>
<To>t3</To>
<Style>1</Style>
<Type>1</Type>
<Color>magenta</Color>
<Weight>1</Weight>
</Arc>
<Arc>
<Id>a34</Id>
<From>t4</From>
<To>p16</To>
<Style>1</Style>
<Type>1</Type>
<Color>magenta</Color>
<Weight>1</Weight>
</Arc>
<Arc>
<Id>a26</Id>
<From>t10</From>
<To>p11</To>
<Style>1</Style>
<Type>2</Type>
<Cubic>18,40.4,18,40.4</Cubic>
<Color>magenta</Color>
<Weight>1</Weight>
</Arc>
<Arc>
<Id>a28</Id>
<From>t3</From>
<To>p15</To>
<Style>1</Style>
<Type>1</Type>
<Color>magenta</Color>
<Weight>1</Weight>
</Arc>
<Arc>
<Id>a24</Id>
<From>p15</From>
<To>t9</To>
<Style>1</Style>
<Type>1</Type>
<Color>magenta</Color>
<Weight>1</Weight>
</Arc>
<Arc>
<Id>a25</Id>
<From>p13</From>
<To>t1</To>
<Style>1</Style>
<Type>1</Type>
<Color>magenta</Color>
<Weight>1</Weight>
</Arc>
<Arc>
<Id>a27</Id>
<From>t2</From>
<To>p14</To>
<Style>1</Style>
<Type>1</Type>
<Color>magenta</Color>
<Weight>1</Weight>
</Arc>
<Arc>
<Id>a29</Id>
<From>p14</From>
<To>t8</To>
<Style>1</Style>
<Type>1</Type>
<Color>magenta</Color>
<Weight>1</Weight>
</Arc>
<Arc>
<Id>a30</Id>
<From>t9</From>
<To>p13</To>
<Style>1</Style>
<Type>2</Type>
<Cubic>10.3858,36.1,10.3858,36.1</Cubic>
<Color>magenta</Color>
<Weight>1</Weight>
</Arc>
</PNToolbox>
