<?xml version="1.0"?>
<PNToolbox>
<Model_name>demo2.xml</Model_name>
<Type>3</Type>
<Seed>66</Seed>
<Place>
<Id>p1</Id>
<Value>2,43</Value>
<Color>black</Color>
<Label>
<Name>PM1</Name>
<Offset>0.50,-0.20</Offset>
<Visible>yes</Visible>
</Label>
<InitialMarking>0</InitialMarking>
<Capacity>Inf</Capacity>
<Time>
<Distribution>constant</Distribution>
<Parameters>40</Parameters>
</Time>
</Place>
<Place>
<Id>p2</Id>
<Value>6,43</Value>
<Color>black</Color>
<Label>
<Name>TR1</Name>
<Offset>0.79,-0.23</Offset>
<Visible>yes</Visible>
</Label>
<InitialMarking>0</InitialMarking>
<Capacity>Inf</Capacity>
<Time>
<Distribution>constant</Distribution>
<Parameters>20</Parameters>
</Time>
</Place>
<Place>
<Id>p3</Id>
<Value>10,43</Value>
<Color>black</Color>
<Label>
<Name>WB</Name>
<Offset>0.50,-0.20</Offset>
<Visible>yes</Visible>
</Label>
<InitialMarking>0</InitialMarking>
<Capacity>Inf</Capacity>
<Time>
<Distribution>constant</Distribution>
<Parameters>0</Parameters>
</Time>
</Place>
<Place>
<Id>p4</Id>
<Value>14,43</Value>
<Color>black</Color>
<Label>
<Name>PM2</Name>
<Offset>-0.01,-0.23</Offset>
<Visible>yes</Visible>
</Label>
<InitialMarking>0</InitialMarking>
<Capacity>Inf</Capacity>
<Time>
<Distribution>constant</Distribution>
<Parameters>85</Parameters>
</Time>
</Place>
<Place>
<Id>p5</Id>
<Value>18,43</Value>
<Color>black</Color>
<Label>
<Name>TR2</Name>
<Offset>-0.19,0.03</Offset>
<Visible>yes</Visible>
</Label>
<InitialMarking>0</InitialMarking>
<Capacity>Inf</Capacity>
<Time>
<Distribution>constant</Distribution>
<Parameters>20</Parameters>
</Time>
</Place>
<Place>
<Id>p6</Id>
<Value>2,45</Value>
<Color>black</Color>
<Label>
<Name>M1</Name>
<Offset>0.50,-0.20</Offset>
<Visible>yes</Visible>
</Label>
<InitialMarking>1</InitialMarking>
<Capacity>Inf</Capacity>
<Time>
<Distribution>constant</Distribution>
<Parameters>0</Parameters>
</Time>
</Place>
<Place>
<Id>p7</Id>
<Value>10,45</Value>
<Color>black</Color>
<Label>
<Name>B</Name>
<Offset>0.50,-0.20</Offset>
<Visible>yes</Visible>
</Label>
<InitialMarking>2</InitialMarking>
<Capacity>Inf</Capacity>
<Time>
<Distribution>constant</Distribution>
<Parameters>0</Parameters>
</Time>
</Place>
<Place>
<Id>p8</Id>
<Value>14,45</Value>
<Color>black</Color>
<Label>
<Name>M2</Name>
<Offset>0.50,-0.20</Offset>
<Visible>yes</Visible>
</Label>
<InitialMarking>1</InitialMarking>
<Capacity>Inf</Capacity>
<Time>
<Distribution>constant</Distribution>
<Parameters>0</Parameters>
</Time>
</Place>
<Place>
<Id>p9</Id>
<Value>10,40</Value>
<Color>black</Color>
<Label>
<Name>R</Name>
<Offset>0.50,-0.20</Offset>
<Visible>yes</Visible>
</Label>
<InitialMarking>1</InitialMarking>
<Capacity>Inf</Capacity>
<Time>
<Distribution>constant</Distribution>
<Parameters>0</Parameters>
</Time>
</Place>
<Place>
<Id>p10</Id>
<Value>10,37</Value>
<Color>black</Color>
<Label>
<Name>P</Name>
<Offset>0.50,-0.20</Offset>
<Visible>yes</Visible>
</Label>
<InitialMarking>4</InitialMarking>
<Capacity>Inf</Capacity>
<Time>
<Distribution>constant</Distribution>
<Parameters>20</Parameters>
</Time>
</Place>
<Transition>
<Id>t1</Id>
<Value>0,43</Value>
<Color>black</Color>
<Message>Firing transition t1</Message>
<Label>
<Name>t1</Name>
<Offset>0.50,-0.20</Offset>
<Visible>yes</Visible>
</Label>
</Transition>
<Transition>
<Id>t2</Id>
<Value>4,43</Value>
<Color>black</Color>
<Message>Firing transition t2</Message>
<Label>
<Name>t2</Name>
<Offset>0.50,-0.20</Offset>
<Visible>yes</Visible>
</Label>
</Transition>
<Transition>
<Id>t3</Id>
<Value>8,43</Value>
<Color>black</Color>
<Message>Firing transition t3</Message>
<Label>
<Name>t3</Name>
<Offset>0.50,-0.20</Offset>
<Visible>yes</Visible>
</Label>
</Transition>
<Transition>
<Id>t4</Id>
<Value>12,43</Value>
<Color>black</Color>
<Message>Firing transition t4</Message>
<Label>
<Name>t4</Name>
<Offset>0.50,-0.20</Offset>
<Visible>yes</Visible>
</Label>
</Transition>
<Transition>
<Id>t5</Id>
<Value>16,43</Value>
<Color>black</Color>
<Message>Firing transition t5</Message>
<Label>
<Name>t5</Name>
<Offset>0.50,-0.20</Offset>
<Visible>yes</Visible>
</Label>
</Transition>
<Transition>
<Id>t6</Id>
<Value>20,43</Value>
<Color>black</Color>
<Message>Firing transition t6</Message>
<Label>
<Name>t6</Name>
<Offset>0.50,-0.20</Offset>
<Visible>yes</Visible>
</Label>
</Transition>
<Arc>
<Id>a1</Id>
<From>t1</From>
<To>p1</To>
<Style>1</Style>
<Type>1</Type>
<Color>black</Color>
<Weight>1</Weight>
</Arc>
<Arc>
<Id>a2</Id>
<From>p1</From>
<To>t2</To>
<Style>1</Style>
<Type>1</Type>
<Color>black</Color>
<Weight>1</Weight>
</Arc>
<Arc>
<Id>a3</Id>
<From>t2</From>
<To>p2</To>
<Style>1</Style>
<Type>1</Type>
<Color>black</Color>
<Weight>1</Weight>
</Arc>
<Arc>
<Id>a4</Id>
<From>p2</From>
<To>t3</To>
<Style>1</Style>
<Type>1</Type>
<Color>black</Color>
<Weight>1</Weight>
</Arc>
<Arc>
<Id>a5</Id>
<From>t3</From>
<To>p3</To>
<Style>1</Style>
<Type>1</Type>
<Color>black</Color>
<Weight>1</Weight>
</Arc>
<Arc>
<Id>a6</Id>
<From>p3</From>
<To>t4</To>
<Style>1</Style>
<Type>1</Type>
<Color>black</Color>
<Weight>1</Weight>
</Arc>
<Arc>
<Id>a7</Id>
<From>t4</From>
<To>p4</To>
<Style>1</Style>
<Type>1</Type>
<Color>black</Color>
<Weight>1</Weight>
</Arc>
<Arc>
<Id>a8</Id>
<From>p4</From>
<To>t5</To>
<Style>1</Style>
<Type>1</Type>
<Color>black</Color>
<Weight>1</Weight>
</Arc>
<Arc>
<Id>a9</Id>
<From>t5</From>
<To>p5</To>
<Style>1</Style>
<Type>1</Type>
<Color>black</Color>
<Weight>1</Weight>
</Arc>
<Arc>
<Id>a10</Id>
<From>p5</From>
<To>t6</To>
<Style>1</Style>
<Type>1</Type>
<Color>black</Color>
<Weight>1</Weight>
</Arc>
<Arc>
<Id>a11</Id>
<From>p6</From>
<To>t1</To>
<Style>1</Style>
<Type>1</Type>
<Color>black</Color>
<Weight>1</Weight>
</Arc>
<Arc>
<Id>a12</Id>
<From>t2</From>
<To>p6</To>
<Style>1</Style>
<Type>1</Type>
<Color>black</Color>
<Weight>1</Weight>
</Arc>
<Arc>
<Id>a13</Id>
<From>p7</From>
<To>t3</To>
<Style>1</Style>
<Type>1</Type>
<Color>black</Color>
<Weight>1</Weight>
</Arc>
<Arc>
<Id>a14</Id>
<From>t4</From>
<To>p7</To>
<Style>1</Style>
<Type>1</Type>
<Color>black</Color>
<Weight>1</Weight>
</Arc>
<Arc>
<Id>a15</Id>
<From>p8</From>
<To>t4</To>
<Style>1</Style>
<Type>1</Type>
<Color>black</Color>
<Weight>1</Weight>
</Arc>
<Arc>
<Id>a16</Id>
<From>t5</From>
<To>p8</To>
<Style>1</Style>
<Type>1</Type>
<Color>black</Color>
<Weight>1</Weight>
</Arc>
<Arc>
<Id>a17</Id>
<From>p9</From>
<To>t2</To>
<Style>1</Style>
<Type>1</Type>
<Color>black</Color>
<Weight>1</Weight>
</Arc>
<Arc>
<Id>a18</Id>
<From>t3</From>
<To>p9</To>
<Style>1</Style>
<Type>1</Type>
<Color>black</Color>
<Weight>1</Weight>
</Arc>
<Arc>
<Id>a19</Id>
<From>p9</From>
<To>t5</To>
<Style>1</Style>
<Type>1</Type>
<Color>black</Color>
<Weight>1</Weight>
</Arc>
<Arc>
<Id>a20</Id>
<From>t6</From>
<To>p9</To>
<Style>1</Style>
<Type>1</Type>
<Color>black</Color>
<Weight>1</Weight>
</Arc>
<Arc>
<Id>a21</Id>
<From>p10</From>
<To>t1</To>
<Style>1</Style>
<Type>1</Type>
<Color>black</Color>
<Weight>1</Weight>
</Arc>
<Arc>
<Id>a22</Id>
<From>t6</From>
<To>p10</To>
<Style>1</Style>
<Type>1</Type>
<Color>black</Color>
<Weight>1</Weight>
</Arc>
<Probability>
<Transitions>t2,t5</Transitions>
<Values>0.5,0.5</Values>
</Probability>
</PNToolbox>
