<?xml version="1.0"?>
<PNToolbox>
<Model_name>demo1_semafor.xml</Model_name>
<Type>1</Type>
<Seed>66</Seed>
<Place>
<Id>p1</Id>
<Value>3,41</Value>
<Color>black</Color>
<Label>
<Name>p1</Name>
<Offset>0.50,-0.20</Offset>
<Visible>yes</Visible>
</Label>
<InitialMarking>1</InitialMarking>
<Capacity>Inf</Capacity>
</Place>
<Place>
<Id>p2</Id>
<Value>15,41</Value>
<Color>black</Color>
<Label>
<Name>p2</Name>
<Offset>0.50,-0.20</Offset>
<Visible>yes</Visible>
</Label>
<InitialMarking>1</InitialMarking>
<Capacity>Inf</Capacity>
</Place>
<Place>
<Id>p3</Id>
<Value>9,43</Value>
<Color>black</Color>
<Label>
<Name>p3</Name>
<Offset>0.50,-0.20</Offset>
<Visible>yes</Visible>
</Label>
<InitialMarking>1</InitialMarking>
<Capacity>Inf</Capacity>
</Place>
<Place>
<Id>p4</Id>
<Value>9,39</Value>
<Color>black</Color>
<Label>
<Name>p4</Name>
<Offset>0.50,-0.20</Offset>
<Visible>yes</Visible>
</Label>
<InitialMarking>1</InitialMarking>
<Capacity>Inf</Capacity>
</Place>
<Place>
<Id>p5</Id>
<Value>6,43</Value>
<Color>black</Color>
<Label>
<Name>p5</Name>
<Offset>0.75,-0.20</Offset>
<Visible>yes</Visible>
</Label>
<InitialMarking>0</InitialMarking>
<Capacity>Inf</Capacity>
</Place>
<Place>
<Id>p6</Id>
<Value>6,39</Value>
<Color>black</Color>
<Label>
<Name>p6</Name>
<Offset>0.75,-0.17</Offset>
<Visible>yes</Visible>
</Label>
<InitialMarking>0</InitialMarking>
<Capacity>Inf</Capacity>
</Place>
<Place>
<Id>p7</Id>
<Value>12,43</Value>
<Color>black</Color>
<Label>
<Name>p7</Name>
<Offset>0.73,-0.20</Offset>
<Visible>yes</Visible>
</Label>
<InitialMarking>0</InitialMarking>
<Capacity>Inf</Capacity>
</Place>
<Place>
<Id>p8</Id>
<Value>12,39</Value>
<Color>black</Color>
<Label>
<Name>p8</Name>
<Offset>0.75,-0.17</Offset>
<Visible>yes</Visible>
</Label>
<InitialMarking>0</InitialMarking>
<Capacity>Inf</Capacity>
</Place>
<Place>
<Id>p9</Id>
<Value>9,47</Value>
<Color>black</Color>
<Label>
<Name>p9</Name>
<Offset>0.50,-0.20</Offset>
<Visible>yes</Visible>
</Label>
<InitialMarking>1</InitialMarking>
<Capacity>Inf</Capacity>
</Place>
<Transition>
<Id>t1</Id>
<Value>6,45</Value>
<Color>black</Color>
<Representation>HorizontalLine</Representation><Message>Firing transition t1</Message>
<Label>
<Name>t1</Name>
<Offset>0.75,-0.17</Offset>
<Visible>yes</Visible>
</Label>
</Transition>
<Transition>
<Id>t2</Id>
<Value>6,41</Value>
<Color>black</Color>
<Representation>HorizontalLine</Representation><Message>Firing transition t2</Message>
<Label>
<Name>t2</Name>
<Offset>0.73,-0.20</Offset>
<Visible>yes</Visible>
</Label>
</Transition>
<Transition>
<Id>t3</Id>
<Value>6,37</Value>
<Color>black</Color>
<Representation>HorizontalLine</Representation><Message>Firing transition t3</Message>
<Label>
<Name>t3</Name>
<Offset>0.50,-0.20</Offset>
<Visible>yes</Visible>
</Label>
</Transition>
<Transition>
<Id>t4</Id>
<Value>12,45</Value>
<Color>black</Color>
<Representation>HorizontalLine</Representation><Message>Firing transition t4</Message>
<Label>
<Name>t4</Name>
<Offset>0.73,-0.23</Offset>
<Visible>yes</Visible>
</Label>
</Transition>
<Transition>
<Id>t5</Id>
<Value>12,41</Value>
<Color>black</Color>
<Representation>HorizontalLine</Representation><Message>Firing transition t5</Message>
<Label>
<Name>t5</Name>
<Offset>0.73,-0.14</Offset>
<Visible>yes</Visible>
</Label>
</Transition>
<Transition>
<Id>t6</Id>
<Value>12,37</Value>
<Color>black</Color>
<Representation>HorizontalLine</Representation><Message>Firing transition t6</Message>
<Label>
<Name>t6</Name>
<Offset>0.50,-0.20</Offset>
<Visible>yes</Visible>
</Label>
</Transition>
<Arc>
<Id>a1</Id>
<From>p1</From>
<To>t1</To>
<Style>1</Style>
<Type>1</Type>
<Color>black</Color>
<Weight>1</Weight>
</Arc>
<Arc>
<Id>a2</Id>
<From>t1</From>
<To>p5</To>
<Style>1</Style>
<Type>1</Type>
<Color>black</Color>
<Weight>1</Weight>
</Arc>
<Arc>
<Id>a3</Id>
<From>p5</From>
<To>t2</To>
<Style>1</Style>
<Type>1</Type>
<Color>black</Color>
<Weight>1</Weight>
</Arc>
<Arc>
<Id>a4</Id>
<From>t2</From>
<To>p6</To>
<Style>1</Style>
<Type>1</Type>
<Color>black</Color>
<Weight>1</Weight>
</Arc>
<Arc>
<Id>a5</Id>
<From>p6</From>
<To>t3</To>
<Style>1</Style>
<Type>1</Type>
<Color>black</Color>
<Weight>1</Weight>
</Arc>
<Arc>
<Id>a6</Id>
<From>t3</From>
<To>p1</To>
<Style>1</Style>
<Type>1</Type>
<Color>black</Color>
<Weight>1</Weight>
</Arc>
<Arc>
<Id>a7</Id>
<From>p3</From>
<To>t1</To>
<Style>1</Style>
<Type>1</Type>
<Color>black</Color>
<Weight>1</Weight>
</Arc>
<Arc>
<Id>a8</Id>
<From>p4</From>
<To>t2</To>
<Style>1</Style>
<Type>1</Type>
<Color>black</Color>
<Weight>1</Weight>
</Arc>
<Arc>
<Id>a9</Id>
<From>t3</From>
<To>p3</To>
<Style>1</Style>
<Type>1</Type>
<Color>black</Color>
<Weight>1</Weight>
</Arc>
<Arc>
<Id>a10</Id>
<From>t3</From>
<To>p4</To>
<Style>1</Style>
<Type>1</Type>
<Color>black</Color>
<Weight>1</Weight>
</Arc>
<Arc>
<Id>a11</Id>
<From>p3</From>
<To>t5</To>
<Style>1</Style>
<Type>1</Type>
<Color>black</Color>
<Weight>1</Weight>
</Arc>
<Arc>
<Id>a12</Id>
<From>p4</From>
<To>t4</To>
<Style>1</Style>
<Type>1</Type>
<Color>black</Color>
<Weight>1</Weight>
</Arc>
<Arc>
<Id>a13</Id>
<From>t6</From>
<To>p4</To>
<Style>1</Style>
<Type>1</Type>
<Color>black</Color>
<Weight>1</Weight>
</Arc>
<Arc>
<Id>a14</Id>
<From>t6</From>
<To>p3</To>
<Style>1</Style>
<Type>1</Type>
<Color>black</Color>
<Weight>1</Weight>
</Arc>
<Arc>
<Id>a15</Id>
<From>p2</From>
<To>t4</To>
<Style>1</Style>
<Type>1</Type>
<Color>black</Color>
<Weight>1</Weight>
</Arc>
<Arc>
<Id>a16</Id>
<From>t4</From>
<To>p7</To>
<Style>1</Style>
<Type>1</Type>
<Color>black</Color>
<Weight>1</Weight>
</Arc>
<Arc>
<Id>a17</Id>
<From>p7</From>
<To>t5</To>
<Style>1</Style>
<Type>1</Type>
<Color>black</Color>
<Weight>1</Weight>
</Arc>
<Arc>
<Id>a18</Id>
<From>t5</From>
<To>p8</To>
<Style>1</Style>
<Type>1</Type>
<Color>black</Color>
<Weight>1</Weight>
</Arc>
<Arc>
<Id>a19</Id>
<From>p8</From>
<To>t6</To>
<Style>1</Style>
<Type>1</Type>
<Color>black</Color>
<Weight>1</Weight>
</Arc>
<Arc>
<Id>a20</Id>
<From>t6</From>
<To>p2</To>
<Style>1</Style>
<Type>1</Type>
<Color>black</Color>
<Weight>1</Weight>
</Arc>
<Arc>
<Id>a21</Id>
<From>p9</From>
<To>t1</To>
<Style>1</Style>
<Type>1</Type>
<Color>black</Color>
<Weight>1</Weight>
</Arc>
<Arc>
<Id>a22</Id>
<From>t3</From>
<To>p9</To>
<Style>1</Style>
<Type>1</Type>
<Color>black</Color>
<Weight>1</Weight>
</Arc>
<Arc>
<Id>a23</Id>
<From>p9</From>
<To>t4</To>
<Style>1</Style>
<Type>1</Type>
<Color>black</Color>
<Weight>1</Weight>
</Arc>
<Arc>
<Id>a24</Id>
<From>t6</From>
<To>p9</To>
<Style>1</Style>
<Type>1</Type>
<Color>black</Color>
<Weight>1</Weight>
</Arc>
<Probability>
<Transitions>t1,t5</Transitions>
<Values>0.5,0.5</Values>
</Probability>
<Probability>
<Transitions>t2,t4</Transitions>
<Values>0.5,0.5</Values>
</Probability>
<Probability>
<Transitions>t1,t4</Transitions>
<Values>0.5,0.5</Values>
</Probability>
</PNToolbox>
